From_Bus_Number,From_Bus_Name,To_Bus_Number,To_Bus_Name,Line_ID,Length_km,Harmonic_Order,Z0_magnitude,Z0_angle_deg,S11_magnitude,S11_angle_deg,S12_magnitude,S12_angle_deg,S21_magnitude,S21_angle_deg,S22_magnitude,S22_angle_deg,A_real,A_imag,B_real,B_imag,C_real,C_imag,D_real,D_imag
2135,NPOLP_2     220.00,2220,KOTMA-2     220.00,1,23.0,11,55.116885068895684,-0.01411062361852151,0.903377909295952,-166.2164157695606,0.4223750978184445,103.98976759825464,0.4223750978184447,103.98976759825466,0.903377909295952,-166.2164157695606,-0.5640263486354951,-0.004669864566751401,-0.18701197829173186,-45.51416479474761,-5.4180637009708646e-05,-0.01498228565070335,-0.5640263486354951,-0.004669864566751401
2135,NPOLP_2     220.00,2220,KOTMA-2     220.00,2,23.0,11,55.116885068895684,-0.01411062361852151,0.903377909295952,-166.2164157695606,0.4223750978184445,103.98976759825464,0.4223750978184447,103.98976759825466,0.903377909295952,-166.2164157695606,-0.5640263486354951,-0.004669864566751401,-0.18701197829173186,-45.51416479474761,-5.4180637009708646e-05,-0.01498228565070335,-0.5640263486354951,-0.004669864566751401
2135,NPOLP_2     220.00,2400,HAMBAN-2    220.00,3,140.0,11,94.08270770325677,-0.004763077051502403,0.7276827080097017,156.44880407759774,0.6517576460464517,-114.91336221386531,0.6517576460464517,-114.91336221386531,0.7276827080097017,156.44880407759774,-0.6138549734966711,0.02407246209677084,-1.7536281291903433,74.32616561022645,-0.00019951134016273306,0.0083969274954382,-0.6138549734966711,0.02407246209677084
2135,NPOLP_2     220.00,2400,HAMBAN-2    220.00,4,140.0,11,94.08270770325677,-0.004763077051502403,0.7276827080097017,156.44880407759774,0.6517576460464517,-114.91336221386531,0.6517576460464517,-114.91336221386531,0.7276827080097017,156.44880407759774,-0.6138549734966711,0.02407246209677084,-1.7536281291903433,74.32616561022645,-0.00019951134016273306,0.0083969274954382,-0.6138549734966711,0.02407246209677084
2135,NPOLP_2     220.00,2970,PADUKKA_2   220.00,5,51.0,11,58.77768908347354,-0.012203438574815557,0.816848866460371,154.04422716050243,0.5530731429684433,-117.20040939834875,0.5530731429684431,-117.20040939834875,0.816848866460371,154.04422716050243,-0.7918158623869239,0.010134234458640406,-0.7643149467607445,35.91245788693015,-0.00022565969165593602,0.010394800017060028,-0.7918158623869239,0.010134234458640406
2135,NPOLP_2     220.00,2970,PADUKKA_2   220.00,6,51.0,11,58.77768908347354,-0.012203438574815557,0.816848866460371,154.04422716050243,0.5530731429684433,-117.20040939834875,0.5530731429684431,-117.20040939834875,0.816848866460371,154.04422716050243,-0.7918158623869239,0.010134234458640406,-0.7643149467607445,35.91245788693015,-0.00022565969165593602,0.010394800017060028,-0.7918158623869239,0.010134234458640406
2220,KOTMA-2     220.00,2225,UPPER-KOTH-2220.00,7,18.5,11,26.16949938107437,-0.10521131103047986,0.9738344813978759,174.53455490433075,0.19806651248572815,-96.4181047852567,0.19806651248572815,-96.4181047852567,0.9738344813978761,174.53455490433075,-0.48162145266926387,0.023564461687505242,-0.29660233515170686,22.945782001994445,-0.000556142427509168,0.033503369519470964,-0.48162145266926387,0.023564461687505242
2220,KOTMA-2     220.00,2225,UPPER-KOTH-2220.00,8,18.5,11,26.16949938107437,-0.10521131103047986,0.9738344813978759,174.53455490433075,0.19806651248572815,-96.4181047852567,0.19806651248572815,-96.4181047852567,0.9738344813978761,174.53455490433075,-0.48162145266926387,0.023564461687505242,-0.29660233515170686,22.945782001994445,-0.000556142427509168,0.033503369519470964,-0.48162145266926387,0.023564461687505242
2220,KOTMA-2     220.00,2230,VICTO-2     220.00,9,30.1,11,45.508530232925956,-0.020359517135940076,0.9029349574584176,-162.5795907118303,0.4130383351288431,108.15556739163658,0.4130383351288431,108.15556739163658,0.9029349574584177,-162.5795907118303,-0.7249188491023236,-0.008645669095049538,-0.4251349292025827,-31.35288886978422,-0.00019451849059599205,-0.01513895923231582,-0.7249188491023236,-0.008645669095049538
2220,KOTMA-2     220.00,2230,VICTO-2     220.00,10,30.1,11,45.508530232925956,-0.020359517135940076,0.9029349574584176,-162.5795907118303,0.4130383351288431,108.15556739163658,0.4130383351288431,108.15556739163658,0.9029349574584177,-162.5795907118303,-0.7249188491023236,-0.008645669095049538,-0.4251349292025827,-31.35288886978422,-0.00019451849059599205,-0.01513895923231582,-0.7249188491023236,-0.008645669095049538
2220,KOTMA-2     220.00,2570,BIYAG-2     220.00,11,70.5,11,69.49074741375358,-0.00873200475463745,0.8394280687826844,-161.8079913327482,0.5212389664281437,-70.99085373170229,0.5212389664281436,-70.99085373170229,0.8394280687826845,-161.8079913327482,0.5991827088700562,0.015448724025662802,0.8116939989833787,55.65117852959351,0.00016457592926482782,0.011524505800326828,0.5991827088700562,0.015448724025662802
2220,KOTMA-2     220.00,2570,BIYAG-2     220.00,12,70.5,11,69.49074741375358,-0.00873200475463745,0.8394280687826844,-161.8079913327482,0.5212389664281437,-70.99085373170229,0.5212389664281436,-70.99085373170229,0.8394280687826845,-161.8079913327482,0.5991827088700562,0.015448724025662802,0.8116939989833787,55.65117852959351,0.00016457592926482782,0.011524505800326828,0.5991827088700562,0.015448724025662802
2220,KOTMA-2     220.00,2691,NHAB-2      220.00,13,113.0,11,64.772524270969,-0.01718292838561122,0.85953943437427,-168.284978181713,0.44375903273730954,-76.34730619096085,0.4437590327373094,-76.34730619096085,0.85953943437427,-168.284978181713,0.4596874556533045,0.05893906677773775,1.987889491354854,57.682851687224314,0.00046557036633956784,0.013749090690708843,0.4596874556533045,0.05893906677773775
2220,KOTMA-2     220.00,2691,NHAB-2      220.00,14,113.0,11,64.772524270969,-0.01718292838561122,0.85953943437427,-168.284978181713,0.44375903273730954,-76.34730619096085,0.4437590327373094,-76.34730619096085,0.85953943437427,-168.284978181713,0.4596874556533045,0.05893906677773775,1.987889491354854,57.682851687224314,0.00046557036633956784,0.013749090690708843,0.4596874556533045,0.05893906677773775
2222,BARGE-2     220.00,2300,KELAN-2     220.00,15,2.0,11,4.15905737821238,-0.06565129909780171,0.9984701865867115,177.660202798249,0.04955448637874745,-92.64779588836291,0.04955448637874745,-92.64779588836291,0.9984701865867116,177.660202798249,-0.8238961338930189,0.0016488446405856117,-0.007268232366050898,2.3571485344106122,-0.0007324647286326186,0.13626769729593968,-0.8238961338930189,0.0016488446405856117
2230,VICTO-2     220.00,2240,RANDE-2     220.00,16,16.4,11,33.494042176726545,-0.037603480107294106,0.9725336106893904,179.17936181672093,0.22357175619123448,-90.8935839894367,0.22357175619123443,-90.8935839894367,0.9725336106893904,179.17936181672093,-0.06422368907747857,0.009301360151370796,0.0018890944090456108,33.42635847077504,-3.7426219097304824e-05,0.029795700397070232,-0.06422368907747857,0.009301360151370796
2240,RANDE-2     220.00,2250,RANTE-2     220.00,17,3.1,11,14.782655084848223,-0.19273109671585623,0.9938019841595521,-177.5661323313272,0.10824834157185918,-87.66391252531122,0.10824834157185918,-87.66391252531122,0.9938019841595519,-177.5661323313272,0.39198804958416844,0.003614532722962027,0.06851312102407253,13.599574262256382,-0.00010515878856243246,0.06223365619776207,0.39198804958416844,0.003614532722962027
2245,VAVUNIYA-2  220.00,2280,MANNAR-2    220.00,18,70.0,11,50.978006934521474,-0.027741277687720063,0.8928589789302289,-166.60435777439076,0.39250179361915866,-74.44507552562692,0.39250179361915866,-74.44507552562692,0.8928589789302289,-166.60435777439076,0.5921166833056974,0.04209213473956284,1.5932864929359902,41.16605348542765,0.0005977559100421042,0.01584125565513296,0.5921166833056974,0.04209213473956284
2245,VAVUNIYA-2  220.00,2280,MANNAR-2    220.00,19,70.0,11,50.978006934521474,-0.027741277687720063,0.8928589789302289,-166.60435777439076,0.39250179361915866,-74.44507552562692,0.39250179361915866,-74.44507552562692,0.8928589789302289,-166.60435777439076,0.5921166833056974,0.04209213473956284,1.5932864929359902,41.16605348542765,0.0005977559100421042,0.01584125565513296,0.5921166833056974,0.04209213473956284
2245,VAVUNIYA-2  220.00,2705,NEWANU-2    220.00,20,55.0,11,61.039189910782675,-0.01131591586531186,0.8325863553482316,156.96638706924847,0.5309991407139117,65.87754466330048,0.5309991407139117,65.87754466330048,0.8325863553482317,156.96638706924847,0.7372701038682746,-0.011640804754601263,0.7670083226778154,-41.25151772402618,0.00021023840441034442,-0.011071824312958885,0.7372701038682746,-0.011640804754601263
2245,VAVUNIYA-2  220.00,2705,NEWANU-2    220.00,21,55.0,11,61.039189910782675,-0.01131591586531186,0.8325863553482316,156.96638706924847,0.5309991407139117,65.87754466330048,0.5309991407139117,65.87754466330048,0.8325863553482317,156.96638706924847,0.7372701038682746,-0.011640804754601263,0.7670083226778154,-41.25151772402618,0.00021023840441034442,-0.011071824312958885,0.7372701038682746,-0.011640804754601263
2280,MANNAR-2    220.00,2281,NADUKUDA-2  220.00,22,30.0,11,45.08043351755354,-0.020745843205535616,0.8600620317645161,-155.80984515406976,0.4898690204491782,115.28160768706924,0.4898690204491782,115.28160768706924,0.8600620317645161,-155.80984515406976,-0.8367039920681834,-0.0069691010050294145,-0.4887990372960372,-24.695028595686054,-0.00023172180747373813,-0.012151768209526162,-0.8367039920681834,-0.0069691010050294145
2280,MANNAR-2    220.00,2281,NADUKUDA-2  220.00,23,30.0,11,45.08043351755354,-0.020745843205535616,0.8600620317645161,-155.80984515406976,0.4898690204491782,115.28160768706924,0.4898690204491782,115.28160768706924,0.8600620317645161,-155.80984515406976,-0.8367039920681834,-0.0069691010050294145,-0.4887990372960372,-24.695028595686054,-0.00023172180747373813,-0.012151768209526162,-0.8367039920681834,-0.0069691010050294145
2300,KELAN-2     220.00,2570,BIYAG-2     220.00,24,12.5,11,21.082838776522898,-0.09480035080474479,0.6322652678792365,136.3359012275513,0.701332352650747,-140.54200456764787,0.701332352650747,-140.54200456764787,0.6322652678792364,136.3359012275513,-0.9918584467254331,0.0019728113530427284,-0.3171399964936038,2.704843092345248,-0.0007336314893735317,0.006082932344052277,-0.9918584467254331,0.0019728113530427284
2300,KELAN-2     220.00,2570,BIYAG-2     220.00,25,12.5,11,21.082838776522898,-0.09480035080474479,0.6322652678792365,136.3359012275513,0.701332352650747,-140.54200456764787,0.701332352650747,-140.54200456764787,0.6322652678792364,136.3359012275513,-0.9918584467254331,0.0019728113530427284,-0.3171399964936038,2.704843092345248,-0.0007336314893735317,0.006082932344052277,-0.9918584467254331,0.0019728113530427284
2305,KERAWALA_2  220.00,2306,NEW_KERA2   220.00,26,0.5,11,2.1816716868620554,-0.343650087615756,0.9988453083552532,-177.4027354127737,0.04764960179728121,-87.414171294195,0.04764960179728122,-87.414171294195,0.9988453083552531,-177.4027354127737,0.950983535122908,0.0005831604447666185,0.00795890631957751,0.6746404048366965,-2.8199951986582574e-05,0.1417502285289499,0.950983535122908,0.0005831604447666185
2305,KERAWALA_2  220.00,2306,NEW_KERA2   220.00,27,0.5,11,2.1816716868620554,-0.343650087615756,0.9988453083552532,-177.4027354127737,0.04764960179728121,-87.414171294195,0.04764960179728122,-87.414171294195,0.9988453083552531,-177.4027354127737,0.950983535122908,0.0005831604447666185,0.00795890631957751,0.6746404048366965,-2.8199951986582574e-05,0.1417502285289499,0.950983535122908,0.0005831604447666185
2305,KERAWALA_2  220.00,2350,COL_L2      220.00,28,13.5,11,11.323179326742457,-0.012770526336416748,0.8258471339561896,-150.16323550912335,0.5030222188639527,-55.73235655827013,0.5030222188639528,-55.73235655827013,0.8258471339561897,-150.16323550912335,0.9921413138656907,0.0012338500524814297,0.11075837085789761,1.421125395418507,0.0008589118349813655,0.011084361333031346,0.9921413138656907,0.0012338500524814297
2306,NEW_KERA2   220.00,2580,KOTUG-2     220.00,29,18.0,11,34.919161789412165,-0.034576394597404476,0.9195643511868336,-162.12973868249657,0.37767792385630106,108.62165783502817,0.37767792385630106,108.62165783502817,0.9195643511868336,-162.12973868249657,-0.8125592412844906,-0.00574483235536335,-0.29189668526485385,-20.356369186370408,-0.0002192380801323893,-0.016694749159805046,-0.8125592412844906,-0.00574483235536335
2306,NEW_KERA2   220.00,2580,KOTUG-2     220.00,30,18.0,11,34.919161789412165,-0.034576394597404476,0.9195643511868336,-162.12973868249657,0.37767792385630106,108.62165783502817,0.37767792385630106,108.62165783502817,0.9195643511868336,-162.12973868249657,-0.8125592412844906,-0.00574483235536335,-0.29189668526485385,-20.356369186370408,-0.0002192380801323893,-0.016694749159805046,-0.8125592412844906,-0.00574483235536335
2307,NEW_KERA    220.00,2580,KOTUG-2     220.00,31,18.0,11,35.150431682409184,-0.034128104149184366,0.919023576821574,-162.0783685459162,0.3791696013790857,108.66069088073843,0.37916960137908573,108.66069088073843,0.9190235768215738,-162.07836854591616,-0.8116089535020623,-0.005683760983447743,-0.28975095575735466,-20.53759827066053,-0.00021470907266485316,-0.01662246088340878,-0.8116089535020623,-0.005683760983447743
2307,NEW_KERA    220.00,2580,KOTUG-2     220.00,32,18.0,11,35.150431682409184,-0.034128104149184366,0.919023576821574,-162.0783685459162,0.3791696013790857,108.66069088073843,0.37916960137908573,108.66069088073843,0.9190235768215738,-162.07836854591616,-0.8116089535020623,-0.005683760983447743,-0.28975095575735466,-20.53759827066053,-0.00021470907266485316,-0.01662246088340878,-0.8116089535020623,-0.005683760983447743
2560,PANNI-2     220.00,2570,BIYAG-2     220.00,33,15.5,11,27.498538664240666,-0.09531096646566381,0.8680366319461349,-154.62161362687866,0.4587568968519425,117.74003266180956,0.4587568968519424,117.74003266180956,0.868036631946135,-154.62161362687866,-0.9351729668273739,-0.005772129237787384,-0.4348590207292845,-9.749320077487027,-0.0005321833385589862,-0.012894875059747133,-0.9351729668273739,-0.005772129237787384
2561,PANNI-D-2   220.00,2570,BIYAG-2     220.00,34,15.5,11,27.498538664240666,-0.09531096646566381,0.8680366319461349,-154.62161362687866,0.4587568968519425,117.74003266180956,0.4587568968519424,117.74003266180956,0.868036631946135,-154.62161362687866,-0.9351729668273739,-0.005772129237787384,-0.4348590207292845,-9.749320077487027,-0.0005321833385589862,-0.012894875059747133,-0.9351729668273739,-0.005772129237787384
2561,PANNI-D-2   220.00,2970,PADUKKA_2   220.00,35,15.2,11,28.54640793709909,-0.051736237726976636,0.9788927202241565,178.85005402191055,0.19176795447410594,-91.28033510949949,0.19176795447410594,-91.28033510949949,0.9788927202241563,178.85005402191055,-0.1048568572334205,0.012789727205491336,-0.01285577195272632,28.391437757365257,-7.869558133996607e-05,0.03484042043798785,-0.1048568572334205,0.012789727205491336
2561,PANNI-D-2   220.00,2970,PADUKKA_2   220.00,36,15.2,11,28.54640793709909,-0.051736237726976636,0.9788927202241565,178.85005402191055,0.19176795447410594,-91.28033510949949,0.19176795447410594,-91.28033510949949,0.9788927202241563,178.85005402191055,-0.1048568572334205,0.012789727205491336,-0.01285577195272632,28.391437757365257,-7.869558133996607e-05,0.03484042043798785,-0.1048568572334205,0.012789727205491336
2570,BIYAG-2     220.00,2580,KOTUG-2     220.00,37,19.6,11,26.934340851477195,-0.09931935081705204,0.7724257862374834,-147.65045355809897,0.5562814200078564,128.27514620073816,0.5562814200078564,128.27514620073816,0.7724257862374834,-147.65045355809897,-0.9677065824718115,-0.00701598598571414,-0.7329458445541219,-6.829130073784677,-0.0009776787620916043,-0.009416979789699992,-0.9677065824718115,-0.00701598598571414
2570,BIYAG-2     220.00,2580,KOTUG-2     220.00,38,19.6,11,26.934340851477195,-0.09931935081705204,0.7724257862374834,-147.65045355809897,0.5562814200078564,128.27514620073816,0.5562814200078564,128.27514620073816,0.7724257862374834,-147.65045355809897,-0.9677065824718115,-0.00701598598571414,-0.7329458445541219,-6.829130073784677,-0.0009776787620916043,-0.009416979789699992,-0.9677065824718115,-0.00701598598571414
2580,KOTUG-2     220.00,2830,VEYAN-2     220.00,39,17.0,11,33.93532693043513,-0.03661029800904605,0.9384911030479852,165.58168646995156,0.33112274552624366,-105.08220519434477,0.3311227455262439,-105.08220519434477,0.9384911030479853,165.58168646995156,-0.7522069199344691,0.006311161650361173,-0.23017482875126702,22.363415592946062,-0.0002246893938560053,0.019419050565058125,-0.7522069199344691,0.006311161650361173
2580,KOTUG-2     220.00,2830,VEYAN-2     220.00,40,17.0,11,33.93532693043513,-0.03661029800904605,0.9384911030479852,165.58168646995156,0.33112274552624366,-105.08220519434477,0.3311227455262439,-105.08220519434477,0.9384911030479853,165.58168646995156,-0.7522069199344691,0.006311161650361173,-0.23017482875126702,22.363415592946062,-0.0002246893938560053,0.019419050565058125,-0.7522069199344691,0.006311161650361173
2691,NHAB-2      220.00,2705,NEWANU-2    220.00,41,50.0,11,43.08428915681432,-0.03883777710453886,0.919764327490041,168.14439958228039,0.3421723867788824,-103.79650872913646,0.3421723867788824,-103.79650872913646,0.9197643274900411,168.14439958228039,-0.6021164587255909,0.0352347823153915,-1.1197472287244832,34.45206997555973,-0.0006283899813974385,0.0185591431345166,-0.6021164587255909,0.0352347823153915
2705,NEWANU-2    220.00,2810,PUTTALAM-PS 220.00,42,100.0,11,74.33397353863865,-0.008074452283075744,0.8294318866764647,-163.64233581727188,0.5264800782475482,-72.58607693050858,0.5264800782475482,-72.58607693050858,0.8294318866764647,-163.64233581727188,0.5354192149174222,0.024806648739856725,1.1771220670485876,62.819239701392725,0.00020982861393149588,0.011368947338514783,0.5354192149174222,0.024806648739856725
2705,NEWANU-2    220.00,2810,PUTTALAM-PS 220.00,43,100.0,11,74.33397353863865,-0.008074452283075744,0.8294318866764647,-163.64233581727188,0.5264800782475482,-72.58607693050858,0.5264800782475482,-72.58607693050858,0.8294318866764647,-163.64233581727188,0.5354192149174222,0.024806648739856725,1.1771220670485876,62.819239701392725,0.00020982861393149588,0.011368947338514783,0.5354192149174222,0.024806648739856725
2810,PUTTALAM-PS 220.00,2815,NCHILAW-2   220.00,44,74.0,11,92.105783736747,-0.004761154807559287,0.7666467274498386,-160.00794134748423,0.6296050167818295,110.40524356602833,0.6296050167818295,110.40524356602833,0.7666467274498386,-160.00794134748423,-0.5430572982835123,-0.009496060848960791,-0.5720344219711628,-77.34779142389647,-6.591397051797948e-05,-0.00911747624631993,-0.5430572982835123,-0.009496060848960791
2810,PUTTALAM-PS 220.00,2815,NCHILAW-2   220.00,45,74.0,11,92.105783736747,-0.004761154807559287,0.7666467274498386,-160.00794134748423,0.6296050167818295,110.40524356602833,0.6296050167818295,110.40524356602833,0.7666467274498386,-160.00794134748423,-0.5430572982835123,-0.009496060848960791,-0.5720344219711628,-77.34779142389647,-6.591397051797948e-05,-0.00911747624631993,-0.5430572982835123,-0.009496060848960791
2815,NCHILAW-2   220.00,2830,VEYAN-2     220.00,46,43.0,11,48.74689019934818,-0.018775845210913522,0.9140396185536389,166.9766610238576,0.3829925349025126,-103.84623921136483,0.3829925349025126,-103.84623921136483,0.9140396185536389,166.9766610238576,-0.5887613162265889,0.015564031663549378,-0.5395542595086099,39.4138046488175,-0.00023793109341828768,0.016586339079835453,-0.5887613162265889,0.015564031663549378
2815,NCHILAW-2   220.00,2830,VEYAN-2     220.00,47,43.0,11,48.74689019934818,-0.018775845210913522,0.9140396185536389,166.9766610238576,0.3829925349025126,-103.84623921136483,0.3829925349025126,-103.84623921136483,0.9140396185536389,166.9766610238576,-0.5887613162265889,0.015564031663549378,-0.5395542595086099,39.4138046488175,-0.00023793109341828768,0.016586339079835453,-0.5887613162265889,0.015564031663549378
